Product_Name,Link
Krom 90 Kapsül,https://www.trendyol.com/venatura/krom-90-kapsul-p-31722470?boutiqueId=61&merchantId=112421
Biftekli Yetişkin Köpek Maması 15 kg,https://www.trendyol.com/trendline/biftekli-yetiskin-kopek-mamasi-15-kg-p-2250928?boutiqueId=590714&merchantId=106924
Dünya Çapında En İyi Kişisel Gelişim Seti (4 Kitap) Set 2,https://www.trendyol.com/profkitap/dunya-capinda-en-iyi-kisisel-gelisim-seti-4-kitap-set-2-p-204377654?boutiqueId=61&merchantId=113899
Işlevsel Çoklu Eğitim Uygulamaları Kes Katla Yapıştır Öğren Eğlen Eğitim Seti,https://www.trendyol.com/esmay/islevsel-coklu-egitim-uygulamalari-kes-katla-yapistir-ogren-eglen-egitim-seti-p-83490419?boutiqueId=61&merchantId=210141
Mi TV Stick 1080P Android TV Media Player,https://www.trendyol.com/xiaomi/mi-tv-stick-1080p-android-tv-media-player-p-43842536?boutiqueId=589022&merchantId=968
24 Ayar - 5g Altın,https://www.trendyol.com/ahlatci/24-ayar-5g-altin-p-4422278?boutiqueId=61&merchantId=107131
Dünya Klasikleri 16 Kitap Bir Arada,https://www.trendyol.com/halk-kitabevi/dunya-klasikleri-16-kitap-bir-arada-p-95054217?boutiqueId=573313&merchantId=109735
Her Güne Bir Soru: 5 Yıllık Günlük (Ciltli - Cep Boy) - Potter Style,https://www.trendyol.com/pegasus-yayinlari/her-gune-bir-soru-5-yillik-gunluk-ciltli-cep-boy-potter-style-p-3287448?boutiqueId=61&merchantId=107443
Mi Band 6 Akıllı Bileklik - Siyah (Xiaomi Türkiye Garantili),https://www.trendyol.com/xiaomi/mi-band-6-akilli-bileklik-siyah-xiaomi-turkiye-garantili-p-100023117?boutiqueId=594537&merchantId=451165
Copier Bond A4 Fotokopi Kağıdı 80gr. 1 Koli (5 Li Paket 2500 Adet),https://www.trendyol.com/copierbond/copier-bond-a4-fotokopi-kagidi-80gr-1-koli-5-li-paket-2500-adet-p-161919702?boutiqueId=594902&merchantId=466256
Coffee Bean French Press Gold 800 ml,https://www.trendyol.com/cookplus/coffee-bean-french-press-gold-800-ml-p-2675549?boutiqueId=594480&merchantId=473291
N95 Maske Meltblowlu - 20 Adet,https://www.trendyol.com/musk/n95-maske-meltblowlu-20-adet-p-69923183?boutiqueId=61&merchantId=215184
2480 VP Valorant Points Tr,https://www.trendyol.com/riot-games/2480-vp-valorant-points-tr-p-40275298?boutiqueId=61&merchantId=170397
"Keratin Saç Spreyi, Keratin Saç Şampuanı & Saç Serumu",https://www.trendyol.com/la-vesa/keratin-sac-spreyi-keratin-sac-sampuani-sac-serumu-p-78958521?boutiqueId=61&merchantId=310427
TR 901 Profesyonel Fön Makinesi,https://www.trendyol.com/powertec/tr-901-profesyonel-fon-makinesi-p-4153495?boutiqueId=61&merchantId=375475
V-fit By Runmate Koşubandı - Koşu Bandı Yağı Hediyeli,https://www.trendyol.com/voit/v-fit-by-runmate-kosubandi-kosu-bandi-yagi-hediyeli-p-166655265?boutiqueId=61&merchantId=104676
Ilikli Kemik Suyu 660ml,https://www.trendyol.com/bone-sante/ilikli-kemik-suyu-660ml-p-80526437?boutiqueId=61&merchantId=325180
Tavuklu Yetişkin Kedi Maması 15 Kg,https://www.trendyol.com/enjoy/tavuklu-yetiskin-kedi-mamasi-15-kg-p-750051?boutiqueId=61&merchantId=484623
Daily Collection Narenciye Sıkacağı HR2738/00 8710103641308,https://www.trendyol.com/philips/daily-collection-narenciye-sikacagi-hr2738-00-8710103641308-p-100398?boutiqueId=591559&merchantId=143549
Büyük Sorular Kitabım 2 Kitap Set,https://www.trendyol.com/yapi-kredi-yayinlari/buyuk-sorular-kitabim-2-kitap-set-p-81839042?boutiqueId=61&merchantId=117962
Kumandalı Youtuber Tiktok Çekim Işıklı Telefon Tutucu Makyaj Işığı Ring Light 10 Inç + 2.1 M Tripod,https://www.trendyol.com/en-siga/kumandali-youtuber-tiktok-cekim-isikli-telefon-tutucu-makyaj-isigi-ring-light-10-inc-2-1-m-tripod-p-169292151?boutiqueId=61&merchantId=177635
2 Adet Kozalak Macunu - Çam Kozalağı Macunu Orijinal Hologramlı Ürün,https://www.trendyol.com/zuhre-ana/2-adet-kozalak-macunu-cam-kozalagi-macunu-orijinal-hologramli-urun-p-50361657?boutiqueId=61&merchantId=123388
Üçlü Serum Paketi,https://www.trendyol.com/procsin/uclu-serum-paketi-p-95388086?boutiqueId=61&merchantId=487284
Mijia Akıllı Sıcaklık Ve Nem Ölçer Termometre,https://www.trendyol.com/xiaomi/mijia-akilli-sicaklik-ve-nem-olcer-termometre-p-50889508?boutiqueId=61&merchantId=193981
Ayak Törpüsü,https://www.trendyol.com/the-body-shop/ayak-torpusu-p-34985174?boutiqueId=61&merchantId=167480
4. Sınıf Tüm Dersler Zoru Bankası,https://www.trendyol.com/tonguc-akademi/4-sinif-tum-dersler-zoru-bankasi-p-42114320?boutiqueId=61&merchantId=402782
2022 Kpss Tarih Video Ders Notları,https://www.trendyol.com/benim-hocam-yayinlari/2022-kpss-tarih-video-ders-notlari-p-131498036?boutiqueId=61&merchantId=121379
Kuru Köpek Maması - Pelet Köpek Yemi - Kuru Yetişkin Köpek Maması,https://www.trendyol.com/dogsmill/kuru-kopek-mamasi-pelet-kopek-yemi-kuru-yetiskin-kopek-mamasi-p-212298817?boutiqueId=61&merchantId=391713
Ince Taneli Kokusuz 20 Lt,https://www.trendyol.com/magic-sand/ince-taneli-kokusuz-20-lt-p-32248782?boutiqueId=590714&merchantId=117471
Beyaz Airpods 2. Nesil Iphone-android Uyumlu Bluetooth Kulaklık,https://www.trendyol.com/arenist/beyaz-airpods-2-nesil-iphone-android-uyumlu-bluetooth-kulaklik-p-192912347?boutiqueId=61&merchantId=380038
"Saatli Maarif Takvimi 2022 Büyük Boy (11,5 X 16 CM) Kartonlu",https://www.trendyol.com/maarif-basimevi/saatli-maarif-takvimi-2022-buyuk-boy-11-5-x-16-cm-kartonlu-p-82838366?boutiqueId=594902&merchantId=143115
Emoji Çim Adam 5 Adet,https://www.trendyol.com/partylandtr/emoji-cim-adam-5-adet-p-39368841?boutiqueId=61&merchantId=193091
2022 Yks Ya Çıkarsa Tyt Fulleten Paket - Ösym Tahmin Serisi,https://www.trendyol.com/fragman-yayinlari/2022-yks-ya-cikarsa-tyt-fulleten-paket-osym-tahmin-serisi-p-215405540?boutiqueId=61&merchantId=390646
"10.000 Mah Prime Dijital Göstergeli Dahili Çoklu Kablolu Powerbank,siyah",https://www.trendyol.com/intouch/10-000-mah-prime-dijital-gostergeli-dahili-coklu-kablolu-powerbank-siyah-p-68361137?boutiqueId=61&merchantId=472636
Mi 2 Yağ Ölçer Fonksiyonlu Akıllı Bluetooth Tartı,https://www.trendyol.com/xiaomi/mi-2-yag-olcer-fonksiyonlu-akilli-bluetooth-tarti-p-34034481?boutiqueId=591559&merchantId=461180
Burdock Root (dulavrat Otu) Ekstresi,https://www.trendyol.com/canfeza-sezgin/burdock-root-dulavrat-otu-ekstresi-p-42593907?boutiqueId=594383&merchantId=478748
League Of Legends 1770 Rp Tr,https://www.trendyol.com/riot-games/league-of-legends-1770-rp-tr-p-40275334?boutiqueId=61&merchantId=339228
Antrenmanlarla Matematik 1. Kitap - Mehmet Girgiç,https://www.trendyol.com/antrenman-yayinlari/antrenmanlarla-matematik-1-kitap-mehmet-girgic-p-2196539?boutiqueId=61&merchantId=125711
2022 Kpss Video Ders Notları Seti Yayınları,https://www.trendyol.com/benim-hocam/2022-kpss-video-ders-notlari-seti-yayinlari-p-132162080?boutiqueId=61&merchantId=300389
Su Sızdırmaz Geçirmez Bant Lavabo Küvet Kenar Bandı Küvet Duş,https://www.trendyol.com/cmt/su-sizdirmaz-gecirmez-bant-lavabo-kuvet-kenar-bandi-kuvet-dus-p-45711881?boutiqueId=61&merchantId=230758
Htn Doğa Balonlu Naylon 100 Cm X 50 Mt - 40 gr - Pat Pat Ambalaj Naylonu,https://www.trendyol.com/astor/htn-doga-balonlu-naylon-100-cm-x-50-mt-40-gr-pat-pat-ambalaj-naylonu-p-33892067?boutiqueId=61&merchantId=238548
Lash Sensational Yelpaze Etkili Intense Black Maskara - Ekstra Siyah,https://www.trendyol.com/maybelline-new-york/lash-sensational-yelpaze-etkili-intense-black-maskara-ekstra-siyah-p-1263063?boutiqueId=594901&merchantId=430171
Tr 1818 Sakal Ense Çizim Makinesi,https://www.trendyol.com/powertec/tr-1818-sakal-ense-cizim-makinesi-p-52694228?boutiqueId=61&merchantId=207099
Erkek Gri Standart Fit Günlük Rahat Fermuarlı Yaka Polar Spor Sweatshirt,https://www.trendyol.com/altinyildiz-classics/erkek-gri-standart-fit-gunluk-rahat-fermuarli-yaka-polar-spor-sweatshirt-p-51325251?boutiqueId=594463&merchantId=347
Ul100x A4 Poşet Dosya 100 Lü,https://www.trendyol.com/noki/ul100x-a4-poset-dosya-100-lu-p-145549016?boutiqueId=594902&merchantId=108656
Marsilya Sabunu Kokulu Kedi Kumu 10 Lt X 2 Adet,https://www.trendyol.com/pro-line/marsilya-sabunu-kokulu-kedi-kumu-10-lt-x-2-adet-p-6728234?boutiqueId=590714&merchantId=106580
iXpand Mini 64GB iPhone USB Bellek SDIX40N-064G-GN6NN,https://www.trendyol.com/sandisk/ixpand-mini-64gb-iphone-usb-bellek-sdix40n-064g-gn6nn-p-2552820?boutiqueId=594630&merchantId=105369
"12 Adet Ahşap Görünümlü Plastik A Kalite Askı, Kıyafet Ve Elbise Askısı Beyaz Fma005291",https://www.trendyol.com/karin-ev/12-adet-ahsap-gorunumlu-plastik-a-kalite-aski-kiyafet-ve-elbise-askisi-beyaz-fma005291-p-74633298?boutiqueId=594480&merchantId=117992
PG-46 Orijinal Siyah Mürekkep Kartuşu,https://www.trendyol.com/canon/pg-46-orijinal-siyah-murekkep-kartusu-p-2582735?boutiqueId=594630&merchantId=119261
Ton Eşitleyici Aydınlatıcı Güneş Kremi SPF50 + 50ml APIEU Power Block Tone Up Base Pink SPF50,https://www.trendyol.com/missha/ton-esitleyici-aydinlatici-gunes-kremi-spf50-50ml-apieu-power-block-tone-up-base-pink-spf50-p-6427232?boutiqueId=61&merchantId=294914
"Mi Smart Air Fryer 3,5 L Fritöz - Depodrom Airfryer",https://www.trendyol.com/xiaomi/mi-smart-air-fryer-3-5-l-fritoz-depodrom-airfryer-p-147601081?boutiqueId=591565&merchantId=289354
2022 Kpss Genel Yetenek Genel Kültür Tamamı Çözümlü Tüm Dersler Soru Bankası,https://www.trendyol.com/benim-hocam-yayinlari/2022-kpss-genel-yetenek-genel-kultur-tamami-cozumlu-tum-dersler-soru-bankasi-p-142530922?boutiqueId=61&merchantId=300389
Limit Kronometre Paragraf Soru Bankası,https://www.trendyol.com/limit-yayinlari/limit-kronometre-paragraf-soru-bankasi-p-68151612?boutiqueId=61&merchantId=165349
Ahşap Yazı Tahtası Çift Taraflı Manyetik Özellikli,https://www.trendyol.com/magnet-iq/ahsap-yazi-tahtasi-cift-tarafli-manyetik-ozellikli-p-99560726?boutiqueId=594902&merchantId=311671
Kuzu Etli&pirinçli Yetişkin Köpek Maması 15 Kg,https://www.trendyol.com/goody/kuzu-etli-pirincli-yetiskin-kopek-mamasi-15-kg-p-63302400?boutiqueId=590714&merchantId=114379
Beyaz Eşya Altlığı Ayağı 4 Adet Çamaşır Bulaşık Makinası Buzdolabı Yükseltici Titreşim Önleyici,https://www.trendyol.com/carat-home/beyaz-esya-altligi-ayagi-4-adet-camasir-bulasik-makinasi-buzdolabi-yukseltici-titresim-onleyici-p-177378779?boutiqueId=61&merchantId=480649
Erkek Siyah Parfüm Deodorant Duş Jeli Kişisel Bakım Seti,https://www.trendyol.com/altinyildiz-classics/erkek-siyah-parfum-deodorant-dus-jeli-kisisel-bakim-seti-p-57969776?boutiqueId=61&merchantId=347
Matik Toz Deterjan Profesyonel Beyaz + Profesyonel Renkli 2x10kg,https://www.trendyol.com/marketim/matik-toz-deterjan-profesyonel-beyaz-profesyonel-renkli-2x10kg-p-189829488?boutiqueId=61&merchantId=459179
Erkek Hakiki Deri Ayakkabı,https://www.trendyol.com/muggo/erkek-hakiki-deri-ayakkabi-p-145579917?boutiqueId=584262&merchantId=107407
Sprey Mop Ve 4 Adet Yedek Mop Mopyeni,https://www.trendyol.com/spin-mop/sprey-mop-ve-4-adet-yedek-mop-mopyeni-p-45913519?boutiqueId=61&merchantId=290252
Benim Hocam 2022 Kpss Coğrafya Video Ders Notları - Bayram Meral,https://www.trendyol.com/benim-hocam-yayinlari/benim-hocam-2022-kpss-cografya-video-ders-notlari-bayram-meral-p-131495862?boutiqueId=61&merchantId=121379
Gri Elekli Kedi Tuvalet Önü Paspası 60x45cm,https://www.trendyol.com/bypet/gri-elekli-kedi-tuvalet-onu-paspasi-60x45cm-p-36293515?boutiqueId=590714&merchantId=108443
Audrey 4'lü Çay Fincanı Seti,https://www.trendyol.com/madame-coco/audrey-4-lu-cay-fincani-seti-p-104980013?boutiqueId=594783&merchantId=612
Seramik Hamuru Beyaz 1000 Gr. H.s,https://www.trendyol.com/das/seramik-hamuru-beyaz-1000-gr-h-s-p-2830973?boutiqueId=581059&merchantId=142312
Mama Kabı Pati Desenli Ahşap Çelik Kaseli Kedi Köpek Mama Ve Su Kabı,https://www.trendyol.com/minihediye/mama-kabi-pati-desenli-ahsap-celik-kaseli-kedi-kopek-mama-ve-su-kabi-p-87865971?boutiqueId=590714&merchantId=232043
Bulurum Seni Ormanda (ciltli),https://www.trendyol.com/sincap-kitap/bulurum-seni-ormanda-ciltli-p-183837709?boutiqueId=61&merchantId=117962
Nomo Q11 Toz Hazneli 4000 Pa Akıllı Robot Süpürge Türkiye Garantili,https://www.trendyol.com/neabot/nomo-q11-toz-hazneli-4000-pa-akilli-robot-supurge-turkiye-garantili-p-117462196?boutiqueId=591559&merchantId=109844
S5 Max Beyaz Akıllı Robot Süpürge,https://www.trendyol.com/roborock/s5-max-beyaz-akilli-robot-supurge-p-35623311?boutiqueId=581059&merchantId=190694
Hava Oda Araç Nemlendirici Buhar Makinesi,https://www.trendyol.com/h2o-humidifier/hava-oda-arac-nemlendirici-buhar-makinesi-p-73448152?boutiqueId=591816&merchantId=223342
Kumandalı 8 Ayrı Moda Sahip 3mx3m ( 300 Cm X 300 Cm ) Perde Led Peri Led Usb,https://www.trendyol.com/1001-led/kumandali-8-ayri-moda-sahip-3mx3m-300-cm-x-300-cm-perde-led-peri-led-usb-p-65842211?boutiqueId=594991&merchantId=334048
Ffp2 Maske 10'lu 3 Paket 30 Adet,https://www.trendyol.com/musk/ffp2-maske-10-lu-3-paket-30-adet-p-48186465?boutiqueId=61&merchantId=215184
1200 VP Valorant Points Tr,https://www.trendyol.com/riot-games/1200-vp-valorant-points-tr-p-40275309?boutiqueId=61&merchantId=170397
Serum Botoks Kırışıklık + Ince Çizgi + Kaz Ayakları + Sarkmalar Için Activ Forte Collagen Liff,https://www.trendyol.com/activforte/serum-botoks-kirisiklik-ince-cizgi-kaz-ayaklari-sarkmalar-icin-activ-forte-collagen-liff-p-177010766?boutiqueId=61&merchantId=108874
2022 Tüm Adaylar Için Haritalarla Coğrafya,https://www.trendyol.com/benim-hocam-yayinlari/2022-tum-adaylar-icin-haritalarla-cografya-p-147648655?boutiqueId=61&merchantId=177438
Copier Bond A4 80 gr 500'lü Fotokopi Kağıdı,https://www.trendyol.com/copierbond/copier-bond-a4-80-gr-500-lu-fotokopi-kagidi-p-120453524?boutiqueId=61&merchantId=288779
Short Hair Kısa Tüylü Kedi Tarağı S,https://www.trendyol.com/furminator/short-hair-kisa-tuylu-kedi-taragi-s-p-2245393?boutiqueId=590714&merchantId=221282
Ithal Çim Tohumu Özel 6 Lı Karışım Basmaya Dayanıklı 7 Günde Çimlenir 1 Kg,https://www.trendyol.com/agroera/ithal-cim-tohumu-ozel-6-li-karisim-basmaya-dayanikli-7-gunde-cimlenir-1-kg-p-119303264?boutiqueId=61&merchantId=404082
Salmon Concealer Kapatıcı (01),https://www.trendyol.com/skinfood/salmon-concealer-kapatici-01-p-2951199?boutiqueId=594901&merchantId=106215
"Ingilizce Eğitim Seti 3 Kitap, 50 Saat Video Ders Linki, 7 Saat Kelime Seslendirme Linki",https://www.trendyol.com/ersin-yayinlari/ingilizce-egitim-seti-3-kitap-50-saat-video-ders-linki-7-saat-kelime-seslendirme-linki-p-208109513?boutiqueId=61&merchantId=153096
Altın Karma 2022 Tyt 10 Farklı Yayın 10+1 Denemesi Seti,https://www.trendyol.com/altin-karma-yayinlari/altin-karma-2022-tyt-10-farkli-yayin-10-1-denemesi-seti-p-162411890?boutiqueId=61&merchantId=390646
Magic Tracks Hareketli Raylar 384 Parça 2 Araba-23082269,https://www.trendyol.com/kayyum-oyuncak/magic-tracks-hareketli-raylar-384-parca-2-araba-23082269-p-83827462?boutiqueId=595189&merchantId=357534
Effaclar Temizleme Jeli 400ml - Yağlı ve Akneye Eğilim Gösteren Ciltler 3337872411991,https://www.trendyol.com/la-roche-posay/effaclar-temizleme-jeli-400ml-yagli-ve-akneye-egilim-gosteren-ciltler-3337872411991-p-711058?boutiqueId=593101&merchantId=4350
Diamanta 5 Parça Sürahi Seti,https://www.trendyol.com/madame-coco/diamanta-5-parca-surahi-seti-p-35606553?boutiqueId=594783&merchantId=612
24 Ayar - 10g Altın,https://www.trendyol.com/ahlatci/24-ayar-10g-altin-p-4422276?boutiqueId=61&merchantId=107131
Olivya Seramik Tabanlı Ütü Ar684,https://www.trendyol.com/arzum/olivya-seramik-tabanli-utu-ar684-p-1152215?boutiqueId=591559&merchantId=105219
Fabrika Satış Mağazası 4'lü Mikrofiber Temizlik Bezi Ithal Ürün 4'lü,https://www.trendyol.com/ilbay-s/fabrika-satis-magazasi-4-lu-mikrofiber-temizlik-bezi-ithal-urun-4-lu-p-175481211?boutiqueId=586461&merchantId=476960
On Numara Macera - Kral Şakir 10,https://www.trendyol.com/eksik-parca-yayinlari/on-numara-macera-kral-sakir-10-p-192216333?boutiqueId=61&merchantId=1512
Ql Hair Vitamin Complex 60 Tablet Biotin Keratin At Kuyruğu Selenyum Çinko Folik Asit Saç Vitamini,https://www.trendyol.com/quality-life/ql-hair-vitamin-complex-60-tablet-biotin-keratin-at-kuyrugu-selenyum-cinko-folik-asit-sac-vitamini-p-160442123?boutiqueId=61&merchantId=319712
Iphone 11 / 12 / 13 Pro - Pro Max Uyumlu Yeni Nesil Type-c Girişli 20w Hızlı Adaptör,https://www.trendyol.com/intouch/iphone-11-12-13-pro-pro-max-uyumlu-yeni-nesil-type-c-girisli-20w-hizli-adaptor-p-199482044?boutiqueId=61&merchantId=472636
Lash Sensational Sky High Maskara,https://www.trendyol.com/maybelline-new-york/lash-sensational-sky-high-maskara-p-81492615?boutiqueId=594901&merchantId=441519
120 Led Ring Lıght Influencer Youtuber Tiktok Telefon Tutucu Makyaj Işığı 10 Inç 2.1 Mt Trıpod,https://www.trendyol.com/en-siga/120-led-ring-light-influencer-youtuber-tiktok-telefon-tutucu-makyaj-isigi-10-inc-2-1-mt-tripod-p-68299327?boutiqueId=61&merchantId=177635
Masa Ayaklı 10 Inç Led Ring Lıght Influencer Youtuber Tiktok Telefon Tutucu Makyaj Işığı,https://www.trendyol.com/en-siga/masa-ayakli-10-inc-led-ring-light-influencer-youtuber-tiktok-telefon-tutucu-makyaj-isigi-p-211873771?boutiqueId=61&merchantId=177635
Kedi Köpek Evi Plastik Su Geçirmez,https://www.trendyol.com/gediz/kedi-kopek-evi-plastik-su-gecirmez-p-166822855?boutiqueId=61&merchantId=499095
Iz Bıraktığın Kadar Varsın - Kararı Ben Veririm - Süt Lekesi - Esra Ezmeci 5 Kitap Set,https://www.trendyol.com/karakarga-yayinlari/iz-biraktigin-kadar-varsin-karari-ben-veririm-sut-lekesi-esra-ezmeci-5-kitap-set-p-180749613?boutiqueId=61&merchantId=465228
Ovmalı Masaj Aleti Yastığı Ayak Bel Boyun Sırt Vücut Omuz Aleti Masaj Yastığı,https://www.trendyol.com/enshall/ovmali-masaj-aleti-yastigi-ayak-bel-boyun-sirt-vucut-omuz-aleti-masaj-yastigi-p-73237445?boutiqueId=61&merchantId=337219
Canlandırıcı Cilt Tonu Eşitleyici Yüz Peeling Serum 30 ml aha 10% + Bha 2%,https://www.trendyol.com/the-purest-solutions/canlandirici-cilt-tonu-esitleyici-yuz-peeling-serum-30-ml-aha-10-bha-2-p-44349861?boutiqueId=61&merchantId=164987
3 Adet Giyilebilir Meyve Desenli Kollu Önlük,https://www.trendyol.com/kids/3-adet-giyilebilir-meyve-desenli-kollu-onluk-p-71515252?boutiqueId=595188&merchantId=147027
Instax Mini 7-8-9-10-11 Uyumlu 20'li Film,https://www.trendyol.com/fujifilm/instax-mini-7-8-9-10-11-uyumlu-20-li-film-p-63261213?boutiqueId=61&merchantId=107979
Esra Ezmeci 5 Kitap Set Defter Hediyeli,https://www.trendyol.com/destek-yayinlari/esra-ezmeci-5-kitap-set-defter-hediyeli-p-178392309?boutiqueId=61&merchantId=113701
C Vitamini + Kolajen Serum 2'li Set,https://www.trendyol.com/new-essentials/c-vitamini-kolajen-serum-2-li-set-p-41254900?boutiqueId=594812&merchantId=107256
Effaclar Tanışma Kiti 8690595814759,https://www.trendyol.com/la-roche-posay/effaclar-tanisma-kiti-8690595814759-p-3680157?boutiqueId=61&merchantId=104778
Kitten Yavru Kedi Maması 10 kg,https://www.trendyol.com/royal-canin/kitten-yavru-kedi-mamasi-10-kg-p-750105?boutiqueId=590714&merchantId=107975
2 Adet Kapı Altı Rüzgar Önleyici Isı Yalıtım Süngeri Rüzgarlık Toz Soğuk Sünger Çift Taraflı,https://www.trendyol.com/ayaco/2-adet-kapi-alti-ruzgar-onleyici-isi-yalitim-sungeri-ruzgarlik-toz-soguk-sunger-cift-tarafli-p-141068860?boutiqueId=61&merchantId=404545
A-4 Fotokopi Kağıdı 500 Lü 5 Li (1 Koli),https://www.trendyol.com/copierbond/a-4-fotokopi-kagidi-500-lu-5-li-1-koli-p-6026206?boutiqueId=61&merchantId=108656
Tyt-ayt-kpss Taktiklerle Paragraf Soru Bankası,https://www.trendyol.com/benim-hocam-yayinlari/tyt-ayt-kpss-taktiklerle-paragraf-soru-bankasi-p-31278100?boutiqueId=61&merchantId=177438
Cin Ali Serisi 10 Kitap,https://www.trendyol.com/cin-ali-yayinlari/cin-ali-serisi-10-kitap-p-3941886?boutiqueId=61&merchantId=127753
Sarrafiye-1 Adet Eski Tarihli Çeyrek Altın,https://www.trendyol.com/ahlatci/sarrafiye-1-adet-eski-tarihli-ceyrek-altin-p-116067584?boutiqueId=61&merchantId=107131
Adeda Neuro Via Dikkati Güçlendirme Seti 3 Yaş ve Görsel Dikkat Testi,https://www.trendyol.com/adeda-yayinlari/adeda-neuro-via-dikkati-guclendirme-seti-3-yas-ve-gorsel-dikkat-testi-p-32707604?boutiqueId=61&merchantId=158005
Miracle Foot Peeling Pack - Mjcare Çorap Tipi Ayak Peeling Maskesi,https://www.trendyol.com/mjcare/miracle-foot-peeling-pack-mjcare-corap-tipi-ayak-peeling-maskesi-p-2949442?boutiqueId=61&merchantId=106756
S7 Sonic Mopping Akıllı Robot Süpürge,https://www.trendyol.com/roborock/s7-sonic-mopping-akilli-robot-supurge-p-117349144?boutiqueId=581059&merchantId=106994
Düz Kafa Yastığı Bebek Kafa Şekillendirici Yastık Pediatri Uzmanlarının Önerisi,https://www.trendyol.com/lucky-day/duz-kafa-yastigi-bebek-kafa-sekillendirici-yastik-pediatri-uzmanlarinin-onerisi-p-73653693?boutiqueId=589978&merchantId=157243
League Of Legends 3620 Rp TR,https://www.trendyol.com/riot-games/league-of-legends-3620-rp-tr-p-40275336?boutiqueId=61&merchantId=170397
Ffp2 10'lu Maske,https://www.trendyol.com/musk/ffp2-10-lu-maske-p-49248667?boutiqueId=61&merchantId=215184
Iphone Şarj Aleti (İPHONE 13 - 12 - 11 - X-8-7-6) 2.1a Orjinal Hızlı Şarj Aleti,https://www.trendyol.com/ttec/iphone-sarj-aleti-iphone-13-12-11-x-8-7-6-2-1a-orjinal-hizli-sarj-aleti-p-194721628?boutiqueId=61&merchantId=265322
Anti-stress Roll Pack Yastık,https://www.trendyol.com/yatas/anti-stress-roll-pack-yastik-p-42847314?boutiqueId=61&merchantId=106771
Oda Kokusu 500 ml Soft Linen,https://www.trendyol.com/chakra/oda-kokusu-500-ml-soft-linen-p-40635083?boutiqueId=593906&merchantId=4551
Otel Tipi Topuzlu Kapı Kolu Kilit,https://www.trendyol.com/real-king/otel-tipi-topuzlu-kapi-kolu-kilit-p-87945052?boutiqueId=61&merchantId=339030
Xxl Büyük Boy Kapalı Kedi Tuvaleti Ve Kürek,https://www.trendyol.com/yildizhane/xxl-buyuk-boy-kapali-kedi-tuvaleti-ve-kurek-p-97522888?boutiqueId=590714&merchantId=127165
Kids 60 Çiğneme Tableti,https://www.trendyol.com/redoxon/kids-60-cigneme-tableti-p-31891630?boutiqueId=594383&merchantId=123210
Citius Premix 24/24 Kw (20.000 Kcal) Tam Yoğuşmalı Kombi,https://www.trendyol.com/eca/citius-premix-24-24-kw-20-000-kcal-tam-yogusmali-kombi-p-46679049?boutiqueId=591898&merchantId=480298
